<?xml version="1.0" encoding="UTF-8"?>
<!--

       Copyright 2009-2019 the original author or authors.

       Licensed under the Apache License, Version 2.0 (the "License");
       you may not use this file except in compliance with the License.
       You may obtain a copy of the License at

          http://www.apache.org/licenses/LICENSE-2.0

       Unless required by applicable law or agreed to in writing, software
       distributed under the License is distributed on an "AS IS" BASIS,
       WITHOUT WARRANTIES OR CONDITIONS OF ANY KIND, either express or implied.
       See the License for the specific language governing permissions and
       limitations under the License.

-->
<document xmlns="http://maven.apache.org/XDOC/2.0" xmlns:xsi="http://www.w3.org/2001/XMLSchema-instance"
  xsi:schemaLocation="http://maven.apache.org/XDOC/2.0 http://maven.apache.org/xsd/xdoc-2.0.xsd">

  <properties>
    <title>MyBatis 3 | Java API</title>
    <author email="clinton.begin@gmail.com">Clinton Begin</author>
  </properties>

  <body>
  <section name="Java API" id="javaApi">
  <p>Now that you know how to configure MyBatis and create mappings, you're ready for the good stuff. The MyBatis Java API is where you get to reap the rewards of your efforts. As you'll see, compared to JDBC, MyBatis greatly simplifies your code and keeps it clean, easy to understand and maintain. MyBatis 3 has introduced a number of significant improvements to make working with SQL Maps even better.</p>

  <subsection name="Directory Structure" id="directoryStructure">
  <p>Before we dive in to the Java API itself, it's important to understand the best practices surrounding directory structures. MyBatis is very flexible, and you can do almost anything with your files. But as with any framework, there's a preferred way.</p>
  <p>Let's look at a typical application directory structure:</p>
  <pre>/my_application
  /bin
  /devlib
  <strong>/lib                <tt>&lt;-- MyBatis *.jar files go here.</tt></strong>
  /src
    /org/myapp/
      /action
      <strong>/data           <tt>&lt;-- MyBatis artifacts go here, including, Mapper Classes, XML Configuration, XML Mapping Files.</tt></strong>
        /mybatis-config.xml
        /BlogMapper.java
        /BlogMapper.xml
      /model
      /service
      /view
    <strong>/properties       <tt>&lt;-- Properties included in your XML Configuration go here.</tt></strong>
  /test
    /org/myapp/
      /action
      /data
      /model
      /service
      /view
    /properties
  /web
    /WEB-INF
      /web.xml</pre>
  <p>Remember, these are preferences, not requirements, but others will thank you for using a common directory structure.</p>
  <p>The rest of the examples in this section will assume you're following this directory structure.</p>
  </subsection>

  <subsection name="SqlSessions" id="sqlSessions">
  <p>The primary Java interface for working with MyBatis is the SqlSession. Through this interface you can execute commands, get mappers and manage transactions. We'll talk more about SqlSession itself shortly, but first we have to learn how to acquire an instance of SqlSession. SqlSessions are created by a SqlSessionFactory instance. The SqlSessionFactory contains methods for creating instances of SqlSessions all different ways. The SqlSessionFactory itself is created by the SqlSessionFactoryBuilder that can create the SqlSessonFactory from XML, annotations or hand coded Java configuration.</p>
  <p><span class="label important">NOTE</span> When using MyBatis with a dependency injection framework like Spring or Guice, SqlSessions are created and injected by the DI framework so you don't need to use the SqlSessionFactoryBuilder or SqlSessionFactory and can go directly to the SqlSession section. Please refer to the MyBatis-Spring or MyBatis-Guice manuals for further info.</p>
  <h4>SqlSessionFactoryBuilder</h4>
  <p>The SqlSessionFactoryBuilder has five build() methods, each which allows you to build a SqlSessionFactory from a different source.</p>
  <source>SqlSessionFactory build(InputStream inputStream)
SqlSessionFactory build(InputStream inputStream, String environment)
SqlSessionFactory build(InputStream inputStream, Properties properties)
SqlSessionFactory build(InputStream inputStream, String env, Properties props)
SqlSessionFactory build(Configuration config)</source>

  <p>The first four methods are the most common, as they take an InputStream instance that refers to an XML document, or more specifically, the mybatis-config.xml file discussed above. The optional parameters are environment and properties. Environment determines which environment to load, including the datasource and transaction manager. For example:</p>

  <source><![CDATA[<environments default="development">
  <environment id="development">
    <transactionManager type="JDBC">
        ...
    <dataSource type="POOLED">
        ...
  </environment>
  <environment id="production">
    <transactionManager type="MANAGED">
        ...
    <dataSource type="JNDI">
        ...
  </environment>
</environments>]]></source>
  <p>If you call a build method that takes the environment parameter, then MyBatis will use the configuration for that environment. Of course, if you specify an invalid environment, you will receive an error. If you call one of the build methods that does not take the environment parameter, then the default environment is used (which is specified as default="development" in the example above).</p>
  <p>If you call a method that takes a properties instance, then MyBatis will load those properties and make them available to your configuration. Those properties can be used in place of most values in the configuration using the syntax:  ${propName}</p>
  <p>Recall that properties can also be referenced from the mybatis-config.xml file, or specified directly within it. Therefore it's important to understand the priority. We mentioned it earlier in this document, but here it is again for easy reference:</p>

  <hr/>
  <p>If a property exists in more than one of these places, MyBatis loads them in the following order.</p>
  <ul>
  <li>Properties specified in the body of the properties element are read first,</li>
  <li>Properties loaded from the classpath resource or url attributes of the properties element are read second, and override any duplicate properties already specified,</li>
  <li>Properties passed as a method parameter are read last, and override any duplicate properties that may have been loaded from the properties body and the resource/url attributes.</li>
  </ul>
  <p>Thus, the highest priority properties are those passed in as a method parameter, followed by resource/url attributes and finally the properties specified in the body of the properties element.</p>
  <hr/>

  <p>So to summarize, the first four methods are largely the same, but with overrides to allow you to optionally specify the environment and/or properties. Here is an example of building a SqlSessionFactory from an mybatis-config.xml file. </p>

  <source>String <strong>resource</strong> = "org/mybatis/builder/mybatis-config.xml";
InputStream <strong>inputStream</strong> = Resources.getResourceAsStream(resource);
SqlSessionFactoryBuilder <strong>builder</strong> = new SqlSessionFactoryBuilder();
SqlSessionFactory <strong>factory</strong> = builder.build(inputStream);</source>

  <p>Notice that we're making use of the Resources utility class, which lives in the org.apache.ibatis.io package. The Resources class, as its name implies, helps you load resources from the classpath, filesystem or even a web URL. A quick look at the class source code or inspection through your IDE will reveal its fairly obvious set of useful methods. Here's a quick list:</p>
  <source>URL getResourceURL(String resource)
URL getResourceURL(ClassLoader loader, String resource)
InputStream getResourceAsStream(String resource)
InputStream getResourceAsStream(ClassLoader loader, String resource)
Properties getResourceAsProperties(String resource)
Properties getResourceAsProperties(ClassLoader loader, String resource)
Reader getResourceAsReader(String resource)
Reader getResourceAsReader(ClassLoader loader, String resource)
File getResourceAsFile(String resource)
File getResourceAsFile(ClassLoader loader, String resource)
InputStream getUrlAsStream(String urlString)
Reader getUrlAsReader(String urlString)
Properties getUrlAsProperties(String urlString)
Class classForName(String className)</source>

  <p>The final build method takes an instance of Configuration. The Configuration class contains everything you could possibly need to know about a SqlSessionFactory instance. The Configuration class is useful for introspecting on the configuration, including finding and manipulating SQL maps (not recommended once the application is accepting requests). The configuration class has every configuration switch that you've learned about already, only exposed as a Java API. Here's a simple example of how to manually a Configuration instance and pass it to the build() method to create a SqlSessionFactory.</p>
  <source>DataSource dataSource = BaseDataTest.createBlogDataSource();
TransactionFactory transactionFactory = new JdbcTransactionFactory();

Environment environment = new Environment("development", transactionFactory, dataSource);

Configuration configuration = new Configuration(environment);
configuration.setLazyLoadingEnabled(true);
configuration.setEnhancementEnabled(true);
configuration.getTypeAliasRegistry().registerAlias(Blog.class);
configuration.getTypeAliasRegistry().registerAlias(Post.class);
configuration.getTypeAliasRegistry().registerAlias(Author.class);
configuration.addMapper(BoundBlogMapper.class);
configuration.addMapper(BoundAuthorMapper.class);

SqlSessionFactoryBuilder builder = new SqlSessionFactoryBuilder();
SqlSessionFactory factory = builder.build(configuration);</source>

  <p>Now you have a SqlSessionFactory that can be used to create SqlSession instances.</p>

  <h4>SqlSessionFactory</h4>
  <p>SqlSessionFactory has six methods that are used to create SqlSession instances. In general, the decisions you'll be making when selecting one of these methods are:</p>
  <ul>
    <li><strong>Transaction</strong>: Do you want to use a transaction scope for the session, or use auto-commit (usually means no transaction with most databases and/or JDBC drivers)?</li>
    <li><strong>Connection</strong>: Do you want MyBatis to acquire a Connection from the configured DataSource for you, or do you want to provide your own?</li>
    <li><strong>Execution</strong>: Do you want MyBatis to reuse PreparedStatements and/or batch updates (including inserts and deletes)?</li>
  </ul>
  <p>The set of overloaded openSession() method signatures allow you to choose any combination of these options that makes sense.</p>
  <source>SqlSession openSession()
SqlSession openSession(boolean autoCommit)
SqlSession openSession(Connection connection)
SqlSession openSession(TransactionIsolationLevel level)
SqlSession openSession(ExecutorType execType, TransactionIsolationLevel level)
SqlSession openSession(ExecutorType execType)
SqlSession openSession(ExecutorType execType, boolean autoCommit)
SqlSession openSession(ExecutorType execType, Connection connection)
Configuration getConfiguration();</source>

  <p>The default openSession() method that takes no parameters will create a SqlSession with the following characteristics:</p>
  <ul>
    <li>A transaction scope <u>will</u> be started (i.e. NOT auto-commit).</li>
    <li>A <code>Connection</code> object will be acquired from the DataSource instance configured by the active environment.</li>
    <li>The transaction isolation level will be the default used by the driver or data source.</li>
    <li>No PreparedStatements will be reused, and no updates will be batched.</li>
  </ul>
  <p>Most of the methods are pretty self explanatory. To enable auto-commit, pass a value of <code>true</code> to the
  optional <code>autoCommit</code> parameter.
  To provide your own connection, pass an instance of <code>Connection</code> to the <code>connection</code> parameter. Note that
  there's no override to set both the <code>Connection</code> and <code>autoCommit</code>, because MyBatis will use whatever setting
  the provided connection object is currently using. MyBatis uses a Java enumeration wrapper for transaction isolation
  levels, called <code>TransactionIsolationLevel</code>, but otherwise they work as expected and have the 5 levels
  supported by JDBC (<code>NONE</code>, <code>READ_UNCOMMITTED</code>, <code>READ_COMMITTED</code>,
  <code>REPEATABLE_READ</code>, <code>SERIALIZABLE</code>).</p>
  <p>The one parameter that might be new to you is <code>ExecutorType</code>. This enumeration defines 3 values:</p>
  <ul>
    <li><code>ExecutorType.SIMPLE</code>: This type of executor does nothing special. It creates a new PreparedStatement for each execution of a statement.</li>
    <li><code>ExecutorType.REUSE</code>: This type of executor will reuse PreparedStatements.</li>
    <li><code>ExecutorType.BATCH</code>: This executor will batch all update statements and demarcate them as necessary if SELECTs are executed between them, to ensure an easy-to-understand behavior.</li>
  </ul>
  <p><span class="label important">NOTE</span> There's one more method on the SqlSessionFactory that we didn't mention, and that is <em>getConfiguration()</em>. This method will return an instance of Configuration that you can use to introspect upon the MyBatis configuration at runtime.</p>
  <p><span class="label important">NOTE</span> If you've used a previous version of MyBatis, you'll recall that sessions, transactions and batches were all something separate. This is no longer the case. All three are neatly contained within the scope of a session. You need not deal with transactions or batches separately to get the full benefit of them.</p>

  <h4>SqlSession</h4>
  <p>As mentioned above, the SqlSession instance is the most powerful class in MyBatis. It is where you'll find all of the methods to execute statements, commit or rollback transactions and acquire mapper instances.</p>
  <p>There are over twenty methods on the SqlSession class, so let's break them up into more digestible groupings.</p>

  <h5>Statement Execution Methods</h5>
  <p>These methods are used to execute SELECT, INSERT, UPDATE and DELETE statements that are defined in your SQL Mapping XML files. They are pretty self explanatory, each takes the ID of the statement and the Parameter Object, which can be a primitive (auto-boxed or wrapper), a JavaBean, a POJO or a Map.</p>
  <source><![CDATA[<T> T selectOne(String statement, Object parameter)
<E> List<E> selectList(String statement, Object parameter)
<T> Cursor<T> selectCursor(String statement, Object parameter)
<K,V> Map<K,V> selectMap(String statement, Object parameter, String mapKey)
int insert(String statement, Object parameter)
int update(String statement, Object parameter)
int delete(String statement, Object parameter)]]></source>
  <p>The difference between <code>selectOne</code> and <code>selectList</code> is only in that <code>selectOne</code> must return exactly one object or <code>null</code> (none). If any more than one, an exception will be thrown. If you don't know how many objects are expected, use <code>selectList</code>. If you want to check for the existence of an object, you're better off returning a count (0 or 1). The <code>selectMap</code> is a special case in that it is designed to convert a list of results into a <code>Map</code> based on one of the properties in the resulting objects. Because not all statements require a parameter, these methods are overloaded with versions that do not require the parameter object.</p>
  <p>The value returned by the <code>insert</code>, <code>update</code> and <code>delete</code> methods indicate the number of rows affected by the statement.</p>
  <source><![CDATA[<T> T selectOne(String statement)
<E> List<E> selectList(String statement)
<T> Cursor<T> selectCursor(String statement)
<K,V> Map<K,V> selectMap(String statement, String mapKey)
int insert(String statement)
int update(String statement)
int delete(String statement)]]></source>
  
  <p>A <code>Cursor</code> offers the same results as a List, except it fetches data lazily using an <code>Iterator</code>.</p>
  <source><![CDATA[try (Cursor<MyEntity> entities = session.selectCursor(statement, param)) {
   for (MyEntity entity : entities) {
      // process one entity
   }
}]]></source>
  
  <p>Finally, there are three advanced versions of the <code>select</code> methods that allow you to restrict the range of rows to return, or provide custom result handling logic, usually for very large data sets.</p>
  <source><![CDATA[<E> List<E> selectList (String statement, Object parameter, RowBounds rowBounds)
<T> Cursor<T> selectCursor(String statement, Object parameter, RowBounds rowBounds)
<K,V> Map<K,V> selectMap(String statement, Object parameter, String mapKey, RowBounds rowbounds)
void select (String statement, Object parameter, ResultHandler<T> handler)
void select (String statement, Object parameter, RowBounds rowBounds, ResultHandler<T> handler)]]></source>

  <p>The <code>RowBounds</code> parameter causes MyBatis to skip the number of records specified, as well as limit the number of results returned to some number. The <code>RowBounds</code> class has a constructor to take both the <code>offset</code> and <code>limit</code>, and is otherwise immutable.</p>
  <source>int offset = 100;
int limit = 25;
RowBounds rowBounds = new RowBounds(offset, limit);</source>

  <p>Different drivers are able to achieve different levels of efficiency in this regard. For the best performance, use result set types of <code>SCROLL_SENSITIVE</code> or <code>SCROLL_INSENSITIVE</code> (in other words: not <code>FORWARD_ONLY</code>).</p>
  <p>The <code>ResultHandler</code> parameter allows you to handle each row however you like. You can add it to a <code>List</code>, create a <code>Map</code>, <code>Set</code>, or throw each result away and instead keep only rolled up totals of calculations. You can do pretty much anything with the <code>ResultHandler</code>, and it's what MyBatis uses internally itself to build result set lists.</p>
  <p>Since 3.4.6, <code>ResultHandler</code> passed to a <code>CALLABLE</code> statement is used on every <code>REFCURSOR</code> output parameter of the stored procedure if there is any.</p>
  <p>The interface is very simple.</p>
  <source><![CDATA[package org.apache.ibatis.session;
public interface ResultHandler<T> {
  void handleResult(ResultContext<? extends T> context);
}]]></source>

  <p>The <code>ResultContext</code> parameter gives you access to the result object itself, a count of the number of result objects created, and a <code>Boolean stop()</code> method that you can use to stop MyBatis from loading any more results.</p>

  <p>Using a <code>ResultHandler</code> has two limitations that you should be aware of:</p>

  <ul>
  <li>Data gotten from a method called with a <code>ResultHandler</code> will not be cached.</li>
  <li>When using advanced <code>resultMap</code>s MyBatis will probably require several rows to build an object. If a <code>ResultHandler</code> is used you may be given an object whose associations or collections are not yet filled.</li>
  </ul>

  <h5>Batch update statement Flush Method</h5>
  <p>There is method for flushing (executing) batch update statements that are stored in a JDBC driver class at any time. This method can be used when the <code>ExecutorType</code> is <code>ExecutorType.BATCH</code>.</p>
  <source><![CDATA[List<BatchResult> flushStatements()]]></source>

  <h5>Transaction Control Methods</h5>
  <p>There are four methods for controlling the scope of a transaction. Of course, these have no effect if you've chosen to use auto-commit or if you're using an external transaction manager. However, if you're using the JDBC transaction manager, managed by the <code>Connection</code> instance, then the four methods that will come in handy are:</p>
  <source>void commit()
void commit(boolean force)
void rollback()
void rollback(boolean force)</source>
  <p>By default MyBatis does not actually commit unless it detects that the database has been changed by a call to <code>insert</code>, <code>update</code> or <code>delete</code>. If you've somehow made changes without calling these methods, then you can pass <code>true</code> into the <code>commit</code> and <code>rollback</code> methods to guarantee that they will be committed (note, you still can't force a session in auto-commit mode, or one that is using an external transaction manager). Most of the time you won't have to call <code>rollback()</code>, as MyBatis will do that for you if you don't call commit. However, if you need more fine-grained control over a session where multiple commits and rollbacks are possible, you have the rollback option there to make that possible.</p>
  <p><span class="label important">NOTE</span> MyBatis-Spring and MyBatis-Guice provide declarative transaction handling. So if you are using MyBatis with Spring or Guice please refer to their specific manuals.</p>

  <h5>Local Cache</h5>
  <p>MyBatis uses two caches: a local cache and a second level cache.</p>
  <p>Each time a new session is created MyBatis creates a local cache and attaches it to the session. Any query executed within the session will be stored in the local cache so further executions of the same query with the same input parameters will not hit the database. The local cache is cleared upon <code>update</code>, <code>commit</code>, <code>rollback</code> and <code>close</code>.</p>
  <p>By default local cache data is used for the whole session duration. This cache is needed to resolve circular references and to speed up repeated nested queries, so it can never be completely disabled but you can configure the local cache to be used just for the duration of a statement execution by setting <code>localCacheScope=STATEMENT</code>.</p>
  <p>Note that when the <code>localCacheScope</code> is set to <code>SESSION</code>, MyBatis returns references to the same objects which are stored in the local cache. Any modification of the returned objects (lists etc.) influences the local cache contents and subsequently the values which are returned from the cache in the lifetime of the session. Therefore, as best practice, do not to modify the objects returned by MyBatis.</p>
  <p>You can clear the local cache at any time by calling:</p>
  <source>void clearCache()</source>

  <h5>Ensuring that SqlSession is Closed</h5>
  <source>void close()</source>
  <p>The most important thing you must ensure is to close any session that you open. The best way to ensure this is to use the following unit of work pattern:</p>
  <source>try (SqlSession session = sqlSessionFactory.openSession()) {
    // following 3 lines are pseudocode for "doing some work"
    session.insert(...);
    session.update(...);
    session.delete(...);
    session.commit();
}</source>
  <p><span class="label important">NOTE</span> Just like <code>SqlSessionFactory</code>, you can get the instance of <code>Configuration</code> that the <code>SqlSession</code> is using by calling the <code>getConfiguration()</code> method.</p>
  <source>Configuration getConfiguration()</source>

  <h5>Using Mappers</h5>
  <source><![CDATA[<T> T getMapper(Class<T> type)]]></source>
  <p>While the various <code>insert</code>, <code>update</code>, <code>delete</code> and <code>select</code> methods above are powerful, they are also very verbose, not type safe and not as helpful to your IDE or unit tests as they could be. We've already seen an example of using <code>Mapper</code>s in the Getting Started section above.</p>
  <p>Therefore, a more common way to execute mapped statements is to use <code>Mapper</code> classes. A <code>Mapper</code> class is simply an interface with method definitions that match up against the <code>SqlSession</code> methods. The following example class demonstrates some method signatures and how they map to the <code>SqlSession</code>.</p>
  <source><![CDATA[public interface AuthorMapper {
  // (Author) selectOne("selectAuthor", 5);
  Author selectAuthor(int id);

  // (List<Author>) selectList("selectAuthors")
  List<Author> selectAuthors();

  // (Map<Integer,Author>) selectMap("selectAuthors", "id")
  @MapKey("id")
  Map<Integer, Author> selectAuthors();

  // insert("insertAuthor", author)
  int insertAuthor(Author author);

  // updateAuthor("updateAuthor", author)
  int updateAuthor(Author author);

  // delete("deleteAuthor", 5)
  int deleteAuthor(int id);
}]]></source>
  <p>In a nutshell, each <code>Mapper</code> method signature should match that of the <code>SqlSession</code> method that it's associated to, but without the <code>String</code> parameter ID. Instead, the method name must match the mapped statement ID.</p>
  <p>In addition, the return type must match that of the expected result type for single results or an array or collection for multiple results or <code>Cursor</code>. All of the usual types are supported, including: Primitives, <code>Maps</code>, POJOs and <code>JavaBeans</code>.</p>
  <p><span class="label important">NOTE</span> Mapper interfaces do not need to implement any interface or extend any class. As long as the method signature can be used to uniquely identify a corresponding mapped statement.</p>
  <p><span class="label important">NOTE</span> Mapper interfaces can extend other interfaces. Be sure that you have the statements in the appropriate namespace when using XML binding to <code>Mapper</code> interfaces. Also, the only limitation is that you cannot have the same method signature in two interfaces in a hierarchy (a bad idea anyway).</p>
  <p>You can pass multiple parameters to a mapper method. If you do, they will be named by the literal "param" followed by their position in the parameter list by default, for example: <code>#{param1}</code>, <code>#{param2}</code> etc. If you wish to change the name of the parameters (multiple only), then you can use the <code>@Param("paramName")</code> annotation on the parameter.</p>
  <p>You can also pass a <code>RowBounds</code> instance to the method to limit query results.</p>

  <h5>Mapper Annotations</h5>
  <p>Since the very beginning, MyBatis has been an XML driven framework. The configuration is XML based, and the Mapped Statements are defined in XML. With MyBatis 3, there are new options available. MyBatis 3 builds on top of a comprehensive and powerful Java based Configuration API. This Configuration API is the foundation for the XML based MyBatis configuration, as well as the new annotation-based configuration. Annotations offer a simple way to implement simple mapped statements without introducing a lot of overhead.</p>
  <p><span class="label important">NOTE</span> Java annotations are unfortunately limited in their expressiveness and flexibility. Despite a lot of time spent in investigation, design and trials, the most powerful MyBatis mappings simply cannot be built with annotations – without getting ridiculous that is. C# Attributes (for example) do not suffer from these limitations, and thus MyBatis.NET will enjoy a much richer alternative to XML. That said, the Java annotation-based configuration is not without its benefits.</p>
  <p><strong>The annotations are as follows:</strong></p>
  <table>
    <thead>
      <tr>
        <th>Annotation</th>
        <th>Target</th>
        <th>XML equivalent</th>
        <th>Description</th>
      </tr>
    </thead>
    <tbody>
      <tr>
        <td><code>@CacheNamespace</code></td>
        <td><code>Class</code></td>
        <td><code>&lt;cache&gt;</code></td>
        <td>
          Configures the cache for the given namespace (i.e. class). Attributes: <code>implementation</code>,
          <code>eviction</code>, <code>flushInterval</code>, <code>size</code>, <code>readWrite</code>,
          <code>blocking</code>, <code>properties</code>.
        </td>
      </tr>
      <tr>
        <td><code>@Property</code></td>
        <td>N/A</td>
        <td><code>&lt;property&gt;</code></td>
        <td>Specifies the property value or placeholder(can replace by configuration properties that defined at the <code>mybatis-config.xml</code>). Attributes: <code>name</code>, <code>value</code>. (Available on MyBatis 3.4.2+)</td>
      </tr>
      <tr>
        <td><code>@CacheNamespaceRef</code></td>
        <td><code>Class</code></td>
        <td><code>&lt;cacheRef&gt;</code></td>
        <td>
          References the cache of another namespace to use. Note that caches declared in an XML mapper file are considered
          a separate namespace, even if they share the same FQCN. Attributes: <code>value</code> and <code>name</code>.
          If you use this annotation, you should be specified either <code>value</code> or <code>name</code> attribute.
          For the <code>value</code> attribute specify a java type indicating the namespace(the namespace name become a FQCN of specified java type),
          and for the <code>name</code> attribute(this attribute is available since 3.4.2) specify a name indicating the namespace.
        </td>
      </tr>
      <tr>
        <td><code>@ConstructorArgs</code></td>
        <td><code>Method</code></td>
        <td><code>&lt;constructor&gt;</code></td>
        <td>Collects a group of results to be passed to a result object constructor. Attributes: <code>value</code>, which is an array of <code>Arg</code>s.</td>
      </tr>
      <tr>
        <td><code>@Arg</code></td>
        <td>N/A</td>
        <td>
          <ul>
            <li><code>&lt;arg&gt;</code></li>
            <li><code>&lt;idArg&gt;</code></li>
          </ul>
        </td>
        <td>A single constructor argument that is part of a ConstructorArgs collection. Attributes: <code>id</code>,
        <code>column</code>, <code>javaType</code>, <code>jdbcType</code>, <code>typeHandler</code>, <code>select</code>,
        <code>resultMap</code>. The id attribute is a boolean value that identifies the property to be used for comparisons,
        similar to the <code>&lt;idArg&gt;</code> XML element.</td>
      </tr>
      <tr>
        <td><code>@TypeDiscriminator</code></td>
        <td><code>Method</code></td>
        <td><code>&lt;discriminator&gt;</code></td>
        <td>A group of value cases that can be used to determine the result mapping to perform. Attributes: <code>column</code>,
        <code>javaType</code>, <code>jdbcType</code>, <code>typeHandler</code>, <code>cases</code>. The cases attribute is an array of <code>Case</code>s.</td>
      </tr>
      <tr>
        <td><code>@Case</code></td>
        <td>N/A</td>
        <td><code>&lt;case&gt;</code></td>
        <td>A single case of a value and its corresponding mappings. Attributes: <code>value</code>, <code>type</code>,
        <code>results</code>. The results attribute is an array of Results, thus this <code>Case</code> Annotation is
        similar to an actual <code>ResultMap</code>, specified by the <code>Results</code> annotation below.</td>
      </tr>
      <tr>
        <td><code>@Results</code></td>
        <td><code>Method</code></td>
        <td><code>&lt;resultMap&gt;</code></td>
        <td>A list of Result mappings that contain details of how a particular result column is mapped to a property or field.
        Attributes: <code>value</code>, <code>id</code>. The value attribute is an array of <code>Result</code> annotations. The id attribute is the name of the result mapping.</td>
      </tr>
      <tr>
        <td><code>@Result</code></td>
        <td>N/A</td>
        <td>
          <ul>
            <li><code>&lt;result&gt;</code></li>
            <li><code>&lt;id&gt;</code></li>
          </ul>
        </td>
        <td>A single result mapping between a column and a property or field. Attributes: <code>id</code>, <code>column</code>,
        <code>property</code>, <code>javaType</code>, <code>jdbcType</code>, <code>typeHandler</code>, <code>one</code>,
        <code>many</code>. The id attribute is a boolean value that indicates that the property should be used for comparisons
        (similar to <code>&lt;id&gt;</code> in the XML mappings).
        The one attribute is for single associations, similar to <code>&lt;association&gt;</code>, and the many attribute
        is for collections, similar to <code>&lt;collection&gt;</code>. They are named as they are to avoid class naming conflicts.</td>
      </tr>
      <tr>
        <td><code>@One</code></td>
        <td>N/A</td>
        <td><code>&lt;association&gt;</code></td>
        <td>A mapping to a single property value of a complex type. Attributes: <code>select</code>, which is the fully
        qualified name of a mapped statement (i.e. mapper method) that can load an instance of the appropriate type,
        <code>fetchType</code>, which supersedes the global configuration parameter <code>lazyLoadingEnabled</code> for this
        mapping.
        <span class="label important">NOTE</span> You will notice that join mapping is not supported via the Annotations API.
        This is due to the limitation in Java Annotations that does not allow for circular references.</td>
      </tr>
      <tr>
        <td><code>@Many</code></td>
        <td>N/A</td>
        <td><code>&lt;collection&gt;</code></td>
        <td>A mapping to a collection property of a complex type. Attributes: <code>select</code>, which is the fully
        qualified name of a mapped statement (i.e. mapper method) that can load a collection of instances of the appropriate
        types, <code>fetchType</code>, which supersedes the global configuration parameter <code>lazyLoadingEnabled</code> for this
        mapping.
        <span class="label important">NOTE</span> You will notice that join mapping is not supported via the
        Annotations API. This is due to the limitation in Java Annotations that does not allow for circular references.</td>
      </tr>
      <tr>
        <td><code>@MapKey</code></td>
        <td><code>Method</code></td>
        <td> </td>
        <td>This is used on methods which return type is a Map. It is used to convert a List of result objects as a Map
        based on a property of those objects. Attributes: <code>value</code>, which is a property used as the key of the map.</td>
      </tr>
      <tr>
        <td><code>@Options</code></td>
        <td><code>Method</code></td>
        <td>Attributes of mapped statements.</td>
        <td>This annotation provides access to the wide range of switches and configuration options that are normally
        present on the mapped statement as attributes. Rather than complicate each statement annotation, the
        <code>Options</code> annotation provides a consistent and clear way to access these. Attributes:
        <code>useCache=true</code>, <code>flushCache=FlushCachePolicy.DEFAULT</code>, <code>resultSetType=DEFAULT</code>,
        <code>statementType=PREPARED</code>, <code>fetchSize=-1</code>, <code>timeout=-1</code>,
        <code>useGeneratedKeys=false</code>, <code>keyProperty=""</code>, <code>keyColumn=""</code>, <code>resultSets=""</code>.
        It's important to understand that with Java Annotations, there is no way to specify <code>null</code> as a value.
        Therefore, once you engage the <code>Options</code> annotation, your statement is subject to all of the default
        values. Pay attention to what the default values are to avoid unexpected behavior.<br/><br/>
        Note that <code>keyColumn</code> is only required in certain databases (like Oracle and PostgreSQL).
        See the discussion about <code>keyColumn</code> and <code>keyProperty</code> above in the discussion of the
        insert statement for more information about allowable values in these attributes.</td>
      </tr>
      <tr>
        <td>
          <ul>
            <li><code>@Insert</code></li>
            <li><code>@Update</code></li>
            <li><code>@Delete</code></li>
            <li><code>@Select</code></li>
          </ul>
        </td>
        <td><code>Method</code></td>
        <td>
          <ul>
            <li><code>&lt;insert&gt;</code></li>
            <li><code>&lt;update&gt;</code></li>
            <li><code>&lt;delete&gt;</code></li>
            <li><code>&lt;select&gt;</code></li>
          </ul>
        </td>
        <td>Each of these annotations represents the actual SQL that is to be executed. They each take an array of strings
        (or a single string will do). If an array of strings is passed, they are concatenated with a single space between
        each to separate them. This helps avoid the "missing space" problem when building SQL in Java code. However,
        you're also welcome to concatenate together a single string if you like.
        Attributes: <code>value</code>, which is the array of Strings to form the single SQL statement.</td>
      </tr>
      <tr>
        <td>
          <ul>
            <li><code>@InsertProvider</code></li>
            <li><code>@UpdateProvider</code></li>
            <li><code>@DeleteProvider</code></li>
            <li><code>@SelectProvider</code></li>
          </ul>
        </td>
        <td><code>Method</code></td>
        <td>
          <ul>
            <li><code>&lt;insert&gt;</code></li>
            <li><code>&lt;update&gt;</code></li>
            <li><code>&lt;delete&gt;</code></li>
            <li><code>&lt;select&gt;</code></li>
          </ul>
        </td>
        <td>Allows for creation of dynamic SQL. These alternative SQL annotations allow you to specify a class and
        a method name that will return the SQL to run at execution time
        (Since 3.4.6, you can specify the <code>CharSequence</code> instead of <code>String</code> as a method return type).
        Upon executing the mapped statement, MyBatis will instantiate the class, and execute the method, as specified by the provider.
        You can pass objects that passed to arguments of a mapper method, "Mapper interface type", "Mapper method" and "Database ID"
        via the <code>ProviderContext</code>(available since MyBatis 3.4.5 or later) as method argument.
        (In MyBatis 3.4 or later, it's allow multiple parameters)
        Attributes: <code>value</code>, <code>type</code> and <code>method</code>.
        The <code>value</code> and <code>type</code> attribute is a class
        (The <code>type</code> attribute is alias for <code>value</code>, you must be specify either one).
        The <code>method</code> is the name of the method on that class
        (Since 3.5.1, you can omit <code>method</code> attribute, the MyBatis will resolve a target method via the
        <code>ProviderMethodResolver</code> interface.
        If not resolve by it, the MyBatis use the reserved fallback method that named <code>provideSql</code>).
        <span class="label important">NOTE</span>
        Following this section is a discussion about the class, which can help build dynamic SQL in a cleaner, easier to read way.</td>
      </tr>
      <tr>
        <td><code>@Param</code></td>
        <td><code>Parameter</code></td>
        <td>N/A</td>
        <td>If your mapper method takes multiple parameters, this annotation can be applied to a mapper method parameter
        to give each of them a name. Otherwise, multiple parameters will be named by their position prefixed with "param"
        (not including any <code>RowBounds</code> parameters). For example <code>#{param1}</code>, <code>#{param2}</code> etc. is the default.
        With <code>@Param("person")</code>, the parameter would be named <code>#{person}</code>.</td>
      </tr>
      <tr>
        <td><code>@SelectKey</code></td>
        <td><code>Method</code></td>
        <td><code>&lt;selectKey&gt;</code></td>
        <td>This annotation duplicates the <code>&lt;selectKey&gt;</code> functionality for methods annotated with
        <code>@Insert</code>, <code>@InsertProvider</code>, <code>@Update</code>, or <code>@UpdateProvider</code>.
        It is ignored for other methods. If you specify a
        <code>@SelectKey</code> annotation, then MyBatis will ignore any generated key properties set via the
        <code>@Options</code> annotation, or configuration properties.
        Attributes: <code>statement</code> an array of strings which is the SQL statement to execute, <code>keyProperty</code> which
        is the property of the parameter object that will be updated with the new value, <code>before</code> which must be either
        <code>true</code> or <code>false</code> to denote if the SQL statement should be executed before or after the insert,
        <code>resultType</code> which is the Java type of the <code>keyProperty</code>, and <code>statementType</code> is a type of the statement that is any one of <code>STATEMENT</code>, <code>PREPARED</code> or <code>CALLABLE</code> that is mapped to <code>Statement</code>, <code>PreparedStatement</code> and <code>CallableStatement</code> respectively. The default is <code>PREPARED</code>.</td>
      </tr>
      <tr>
        <td><code>@ResultMap</code></td>
        <td><code>Method</code></td>
        <td>N/A</td>
        <td>This annotation is used to provide the id of a <code>&lt;resultMap&gt;</code> element in an XML mapper to a
        <code>@Select</code> or <code>@SelectProvider</code> annotation. This allows annotated selects to reuse resultmaps
        that are defined in XML. This annotation will override any <code>@Results</code> or <code>@ConstructorArgs</code>
        annotation if both are specified on an annotated select.</td>
      </tr>
      <tr>
        <td><code>@ResultType</code></td>
        <td><code>Method</code></td>
        <td>N/A</td>
        <td>This annotation is used when using a result handler.  In that case, the return type is void
        so MyBatis must have a way to determine the type of object to construct for each row.
        If there is an XML result map, use the @ResultMap annotation.  If the result type is
        specified in XML on the <code>&lt;select&gt;</code> element, then no other annotation is
        necessary.  In other cases, use this annotation.  For example, if a @Select annotated method
        will use a result handler, the return type must be void and this annotation (or @ResultMap)
        is required.  This annotation is ignored unless the method return type is void.</td>
      </tr>
      <tr>
        <td><code>@Flush</code></td>
        <td><code>Method</code></td>
        <td>N/A</td>
        <td>If this annotation is used, it can be called the <code>SqlSession#flushStatements()</code> via method defined at a Mapper interface.(MyBatis 3.3 or above)</td>
      </tr>
    </tbody>
  </table>

  <h5>Mapper Annotation Examples</h5>
  <p>This example shows using the @SelectKey annotation to retrieve a value from a sequence before an insert:</p>
  <source>@Insert("insert into table3 (id, name) values(#{nameId}, #{name})")
@SelectKey(statement="call next value for TestSequence", keyProperty="nameId", before=<strong>true</strong>, resultType=<strong>int.class</strong>)
<strong>int</strong> insertTable3(Name name);</source>

  <p>This example shows using the @SelectKey annotation to retrieve an identity value after an insert:</p>
  <source>@Insert("insert into table2 (name) values(#{name})")
@SelectKey(statement="call identity()", keyProperty="nameId", before=<strong>false</strong>, resultType=<strong>int.class</strong>)
<strong>int</strong> insertTable2(Name name);</source>

  <p>This example shows using the <code>@Flush</code> annotation to call the <code>SqlSession#flushStatements()</code>:</p>
  <source><![CDATA[@Flush
List<BatchResult> flush();]]></source>

  <p>These examples show how to name a ResultMap by specifying id attribute of @Results annotation.</p>
  <source>@Results(id = "userResult", value = {
  @Result(property = "id", column = "uid", id = <strong>true</strong>),
  @Result(property = "firstName", column = "first_name"),
  @Result(property = "lastName", column = "last_name")
})
@Select("select * from users where id = #{id}")
User getUserById(Integer id);

@Results(id = "companyResults")
@ConstructorArgs({
  @Arg(column = "cid", javaType = Integer.class, id = <strong>true</strong>),
  @Arg(column = "name", javaType = String.class)
})
@Select("select * from company where id = #{id}")
Company getCompanyById(Integer id);</source>

  <p>This example shows solo parameter using the SelectProvider annotation:</p>
  <source><![CDATA[@SelectProvider(type = UserSqlBuilder.class, method = "buildGetUsersByName")
List<User> getUsersByName(String name);

class UserSqlBuilder {
  public static String buildGetUsersByName(final String name) {
    return new SQL(){{
      SELECT("*");
      FROM("users");
      if (name != null) {
        WHERE("name like #{value} || '%'");
      }
      ORDER_BY("id");
    }}.toString();
  }
}]]></source>

  <p>This example shows multiple parameters using the Sql Provider annotation:</p>
  <source><![CDATA[@SelectProvider(type = UserSqlBuilder.class, method = "buildGetUsersByName")
List<User> getUsersByName(
    @Param("name") String name, @Param("orderByColumn") String orderByColumn);

class UserSqlBuilder {

  // If not use @Param, you should be define same arguments with mapper method
  public static String buildGetUsersByName(
      final String name, final String orderByColumn) {
    return new SQL(){{
      SELECT("*");
      FROM("users");
      WHERE("name like #{name} || '%'");
      ORDER_BY(orderByColumn);
    }}.toString();
  }

  // If use @Param, you can define only arguments to be used
  public static String buildGetUsersByName(@Param("orderByColumn") final String orderByColumn) {
    return new SQL(){{
      SELECT("*");
      FROM("users");
      WHERE("name like #{name} || '%'");
      ORDER_BY(orderByColumn);
    }}.toString();
  }
}]]></source>

    <p>This example shows usage the default implementation of <code>ProviderMethodResolver</code>(available since MyBatis 3.5.1 or later):</p>
    <source><![CDATA[@SelectProvider(UserSqlProvider.class)
List<User> getUsersByName(String name);

// Implements the ProviderMethodResolver on your provider class
class UserSqlProvider implements ProviderMethodResolver {
  // In default implementation, it will resolve a method that method name is matched with mapper method
  public static String getUsersByName(final String name) {
    return new SQL(){{
      SELECT("*");
      FROM("users");
      if (name != null) {
        WHERE("name like #{value} || '%'");
      }
      ORDER_BY("id");
    }}.toString();
  }
}]]></source>

  </subsection>

  </section>
  </body>
</document>
